{"stats":{"minecraft:crafted":{"minecraft:wooden_sword":1,"minecraft:oak_door":3,"minecraft:oak_planks":92,"minecraft:stone_shovel":2,"minecraft:barrel":1,"minecraft:cooked_chicken":2,"minecraft:furnace":1,"minecraft:stone":160,"minecraft:cooked_mutton":8,"minecraft:oak_trapdoor":2,"minecraft:iron_axe":1,"minecraft:stone_pickaxe":5,"minecraft:chest":2,"minecraft:stone_hoe":1,"minecraft:stone_bricks":56,"minecraft:oak_slab":6,"minecraft:wooden_shovel":1,"minecraft:cooked_porkchop":10,"minecraft:crafting_table":4,"minecraft:wooden_pickaxe":1,"minecraft:iron_sword":1,"minecraft:cooked_salmon":5,"minecraft:oak_wood":3,"minecraft:stone_axe":2,"minecraft:stone_brick_stairs":24,"minecraft:wooden_hoe":1,"minecraft:stick":32,"minecraft:iron_ingot":33,"minecraft:iron_pickaxe":1,"minecraft:wooden_axe":1,"minecraft:stone_sword":2,"minecraft:iron_block":1,"minecraft:iron_shovel":1,"minecraft:anvil":1,"minecraft:torch":14},"minecraft:custom":{"minecraft:mob_kills":28,"minecraft:interact_with_anvil":1,"minecraft:interact_with_crafting_table":45,"minecraft:open_barrel":11,"minecraft:leave_game":2,"minecraft:time_since_death":62171,"minecraft:climb_one_cm":3683,"minecraft:sprint_one_cm":267231,"minecraft:walk_one_cm":706786,"minecraft:drop":17,"minecraft:play_noteblock":7,"minecraft:talked_to_villager":4,"minecraft:play_time":225323,"minecraft:deaths":1,"minecraft:sneak_time":2867,"minecraft:walk_under_water_one_cm":24824,"minecraft:jump":1835,"minecraft:interact_with_blast_furnace":1,"minecraft:walk_on_water_one_cm":30119,"minecraft:total_world_time":225323,"minecraft:interact_with_furnace":99,"minecraft:interact_with_cartography_table":1,"minecraft:tune_noteblock":37,"minecraft:sleep_in_bed":6,"minecraft:time_since_rest":24177,"minecraft:damage_taken":1266,"minecraft:damage_dealt":4330,"minecraft:fly_one_cm":68543,"minecraft:open_chest":44,"minecraft:crouch_one_cm":5328,"minecraft:fall_one_cm":19939,"minecraft:horse_one_cm":8117},"minecraft:mined":{"minecraft:oak_door":2,"minecraft:granite":49,"minecraft:grass_block":47,"minecraft:spruce_leaves":171,"minecraft:cartography_table":1,"minecraft:smooth_stone":1,"minecraft:furnace":1,"minecraft:iron_ore":54,"minecraft:andesite":42,"minecraft:pumpkin":33,"minecraft:pointed_dripstone":1,"minecraft:deepslate_iron_ore":2,"minecraft:lantern":1,"minecraft:stone":756,"minecraft:stone_brick_slab":1,"minecraft:crafting_table":1,"minecraft:torch":3,"minecraft:copper_ore":57,"minecraft:cobblestone":36,"minecraft:lapis_ore":6,"minecraft:sugar_cane":3,"minecraft:diorite":55,"minecraft:wall_torch":2,"minecraft:ice":1,"minecraft:white_carpet":3,"minecraft:spruce_log":31,"minecraft:bee_nest":1,"minecraft:grass":18,"minecraft:oak_log":52,"minecraft:coal_ore":40,"minecraft:gravel":7,"minecraft:dripstone_block":1,"minecraft:dirt":157,"minecraft:stone_bricks":8,"minecraft:gold_ore":9,"minecraft:oak_leaves":36,"minecraft:deepslate":6},"minecraft:dropped":{"minecraft:iron_ingot":3,"minecraft:oak_log":3,"minecraft:dirt":1,"minecraft:cooked_salmon":1,"minecraft:iron_pickaxe":1,"minecraft:stone_axe":1,"minecraft:stone_sword":1,"minecraft:stone_shovel":1,"minecraft:rotten_flesh":4,"minecraft:spider_eye":1,"minecraft:wooden_pickaxe":1,"minecraft:stone_pickaxe":2},"minecraft:killed":{"minecraft:spider":4,"minecraft:skeleton":1,"minecraft:pig":8,"minecraft:rabbit":2,"minecraft:polar_bear":1,"minecraft:zombie":10,"minecraft:stray":1},"minecraft:used":{"minecraft:stone_sword":65,"minecraft:iron_shovel":62,"minecraft:stone_shovel":116,"minecraft:chest":2,"minecraft:stone":8,"minecraft:iron_sword":71,"minecraft:wooden_shovel":32,"minecraft:cooked_salmon":9,"minecraft:oak_door":8,"minecraft:torch":43,"minecraft:dirt":68,"minecraft:anvil":1,"minecraft:granite":18,"minecraft:wooden_axe":2,"minecraft:iron_axe":250,"minecraft:stone_brick_stairs":18,"minecraft:barrel":1,"minecraft:stone_bricks":20,"minecraft:furnace":2,"minecraft:cooked_mutton":8,"minecraft:stone_pickaxe":517,"minecraft:oak_planks":5,"minecraft:wooden_pickaxe":60,"minecraft:crafting_table":4,"minecraft:oak_log":43,"minecraft:bread":5,"minecraft:iron_pickaxe":558,"minecraft:gravel":3,"minecraft:stone_axe":77,"minecraft:wooden_sword":20,"minecraft:cobblestone":226,"minecraft:smooth_stone":1},"minecraft:picked_up":{"minecraft:crafting_table":2,"minecraft:iron_chestplate":2,"minecraft:wooden_pickaxe":1,"minecraft:stone_brick_stairs":6,"minecraft:string":6,"minecraft:raw_copper":209,"minecraft:iron_axe":1,"minecraft:cooked_salmon":1,"minecraft:iron_leggings":2,"minecraft:white_carpet":3,"minecraft:iron_shovel":2,"minecraft:cartography_table":1,"minecraft:cobbled_deepslate":6,"minecraft:smooth_stone":1,"minecraft:redstone_torch":1,"minecraft:iron_pickaxe":4,"minecraft:sugar_cane":9,"minecraft:iron_boots":2,"minecraft:furnace":1,"minecraft:tipped_arrow":1,"minecraft:stick":28,"minecraft:raw_iron":54,"minecraft:oak_door":6,"minecraft:torch":51,"minecraft:porkchop":15,"minecraft:pointed_dripstone":2,"minecraft:diorite":46,"minecraft:arrow":2,"minecraft:rotten_flesh":17,"minecraft:iron_block":2,"minecraft:cod":2,"minecraft:snowball":36,"minecraft:cobblestone":782,"minecraft:oxeye_daisy":1,"minecraft:andesite":41,"minecraft:oak_log":53,"minecraft:lapis_lazuli":47,"minecraft:dirt":180,"minecraft:lantern":1,"minecraft:cooked_mutton":1,"minecraft:bone":2,"minecraft:stone_bricks":7,"minecraft:wheat_seeds":6,"minecraft:raw_gold":9,"minecraft:rabbit_hide":1,"minecraft:stone_pickaxe":2,"minecraft:iron_ingot":14,"minecraft:rabbit":1,"minecraft:iron_sword":3,"minecraft:pumpkin":28,"minecraft:stone_brick_slab":1,"minecraft:gravel":8,"minecraft:spruce_sapling":19,"minecraft:spruce_log":31,"minecraft:spider_eye":1,"minecraft:diamond":1,"minecraft:iron_helmet":2,"minecraft:granite":44,"minecraft:oak_sapling":3,"minecraft:coal":41},"minecraft:broken":{"minecraft:wooden_pickaxe":1,"minecraft:stone_pickaxe":3,"minecraft:iron_axe":1,"minecraft:iron_pickaxe":2}},"DataVersion":3465}