{"stats":{"minecraft:crafted":{"minecraft:black_dye":1,"minecraft:oak_planks":472,"minecraft:barrel":1,"minecraft:cooked_chicken":2,"minecraft:stone":192,"minecraft:cooked_mutton":8,"minecraft:green_dye":1,"minecraft:quartz_block":1,"minecraft:glass":8,"minecraft:bow":1,"minecraft:chest":5,"minecraft:stone_hoe":1,"minecraft:stone_bricks":124,"minecraft:cooked_rabbit":1,"minecraft:oak_slab":6,"minecraft:wooden_shovel":1,"minecraft:arrow":44,"minecraft:cooked_porkchop":10,"minecraft:crafting_table":4,"minecraft:spruce_planks":208,"minecraft:wooden_pickaxe":1,"minecraft:baked_potato":22,"minecraft:oak_wood":3,"minecraft:stone_brick_stairs":24,"minecraft:lime_bed":1,"minecraft:wooden_hoe":1,"minecraft:stick":104,"minecraft:iron_ingot":102,"minecraft:iron_pickaxe":3,"minecraft:iron_block":1,"minecraft:stone_sword":2,"minecraft:gold_ingot":58,"minecraft:wooden_sword":1,"minecraft:oak_door":6,"minecraft:stone_shovel":2,"minecraft:furnace":1,"minecraft:bone_meal":105,"minecraft:oak_trapdoor":2,"minecraft:spruce_stairs":92,"minecraft:iron_axe":2,"minecraft:spruce_slab":138,"minecraft:lime_dye":2,"minecraft:stone_pickaxe":5,"minecraft:iron_sword":1,"minecraft:cooked_salmon":5,"minecraft:stone_axe":2,"minecraft:white_dye":1,"minecraft:wooden_axe":1,"minecraft:iron_shovel":2,"minecraft:anvil":1,"minecraft:torch":266},"minecraft:mined":{"minecraft:brewing_stand":3,"minecraft:granite":49,"minecraft:grass_block":107,"minecraft:soul_soil":11,"minecraft:smooth_stone":1,"minecraft:iron_ore":99,"minecraft:cobbled_deepslate":1,"minecraft:barrel":2,"minecraft:pumpkin":33,"minecraft:deepslate_lapis_ore":1,"minecraft:anvil":1,"minecraft:pointed_dripstone":9,"minecraft:spruce_slab":6,"minecraft:deepslate_redstone_ore":23,"minecraft:smoker":2,"minecraft:clay":1,"minecraft:torch":11,"minecraft:note_block":1,"minecraft:chest":14,"minecraft:cobblestone":50,"minecraft:sugar_cane":3,"minecraft:oak_planks":51,"minecraft:wall_torch":10,"minecraft:grass":49,"minecraft:oak_log":89,"minecraft:sand":29,"minecraft:dirt":296,"minecraft:oak_leaves":36,"minecraft:deepslate":43,"minecraft:tuff":27,"minecraft:oak_door":3,"minecraft:spruce_leaves":171,"minecraft:cartography_table":1,"minecraft:furnace":18,"minecraft:andesite":63,"minecraft:deepslate_iron_ore":2,"minecraft:lantern":1,"minecraft:stripped_oak_log":1,"minecraft:stone":1003,"minecraft:stone_brick_slab":1,"minecraft:dandelion":2,"minecraft:crafting_table":1,"minecraft:emerald_ore":1,"minecraft:tall_grass":2,"minecraft:copper_ore":61,"minecraft:deepslate_coal_ore":4,"minecraft:lapis_ore":8,"minecraft:deepslate_gold_ore":8,"minecraft:diorite":69,"minecraft:spruce_stairs":20,"minecraft:cactus":1,"minecraft:ice":1,"minecraft:white_carpet":3,"minecraft:spruce_log":31,"minecraft:bee_nest":1,"minecraft:coal_ore":93,"minecraft:gravel":105,"minecraft:dripstone_block":3,"minecraft:stone_bricks":8,"minecraft:gold_ore":9},"minecraft:used":{"minecraft:iron_shovel":445,"minecraft:spruce_slab":44,"minecraft:chest":17,"minecraft:stone":11,"minecraft:iron_sword":308,"minecraft:tuff":13,"minecraft:glass":8,"minecraft:stone_brick_stairs":18,"minecraft:stone_bricks":74,"minecraft:furnace":24,"minecraft:stone_pickaxe":517,"minecraft:oak_planks":291,"minecraft:cactus":2,"minecraft:wooden_pickaxe":60,"minecraft:sand":12,"minecraft:note_block":1,"minecraft:bread":5,"minecraft:gravel":12,"minecraft:wooden_sword":20,"minecraft:cooked_rabbit":1,"minecraft:andesite":7,"minecraft:golden_pickaxe":16,"minecraft:stone_sword":65,"minecraft:stone_shovel":116,"minecraft:wooden_shovel":32,"minecraft:cooked_salmon":11,"minecraft:oak_door":14,"minecraft:torch":122,"minecraft:brewing_stand":3,"minecraft:dirt":136,"minecraft:anvil":2,"minecraft:spruce_stairs":102,"minecraft:granite":18,"minecraft:wooden_axe":2,"minecraft:iron_axe":384,"minecraft:barrel":3,"minecraft:cobbled_deepslate":64,"minecraft:cooked_mutton":8,"minecraft:baked_potato":34,"minecraft:crafting_table":5,"minecraft:lime_bed":1,"minecraft:cod":2,"minecraft:spruce_log":1,"minecraft:smoker":2,"minecraft:oak_log":93,"minecraft:iron_pickaxe":1097,"minecraft:stone_axe":77,"minecraft:cobblestone":396,"minecraft:stripped_oak_log":1,"minecraft:smooth_stone":1},"minecraft:killed_by":{"minecraft:ghast":1},"minecraft:broken":{"minecraft:iron_shovel":1,"minecraft:stone_pickaxe":3,"minecraft:wooden_pickaxe":1,"minecraft:iron_axe":1,"minecraft:iron_pickaxe":4,"minecraft:iron_helmet":1},"minecraft:killed":{"minecraft:spider":12,"minecraft:skeleton":13,"minecraft:pig":8,"minecraft:salmon":3,"minecraft:zombie":43,"minecraft:stray":1,"minecraft:rabbit":2,"minecraft:bat":2,"minecraft:polar_bear":1},"minecraft:custom":{"minecraft:interact_with_crafting_table":104,"minecraft:open_barrel":67,"minecraft:leave_game":6,"minecraft:time_since_death":173213,"minecraft:sprint_one_cm":509879,"minecraft:drop":29,"minecraft:play_noteblock":8,"minecraft:talked_to_villager":4,"minecraft:play_time":712984,"minecraft:deaths":2,"minecraft:jump":3235,"minecraft:interact_with_brewingstand":1,"minecraft:walk_on_water_one_cm":59263,"minecraft:interact_with_furnace":174,"minecraft:interact_with_cartography_table":1,"minecraft:sleep_in_bed":11,"minecraft:damage_dealt":14062,"minecraft:crouch_one_cm":27184,"minecraft:interact_with_smoker":9,"minecraft:horse_one_cm":1589748,"minecraft:mob_kills":86,"minecraft:interact_with_anvil":1,"minecraft:climb_one_cm":3683,"minecraft:walk_one_cm":1571027,"minecraft:sneak_time":10039,"minecraft:walk_under_water_one_cm":56912,"minecraft:interact_with_blast_furnace":1,"minecraft:total_world_time":712984,"minecraft:tune_noteblock":38,"minecraft:time_since_rest":2044,"minecraft:damage_taken":3392,"minecraft:swim_one_cm":8952,"minecraft:fly_one_cm":121338,"minecraft:open_chest":523,"minecraft:fall_one_cm":42728},"minecraft:picked_up":{"minecraft:wooden_axe":1,"minecraft:iron_chestplate":3,"minecraft:wheat":51,"minecraft:redstone_block":19,"minecraft:flower_pot":1,"minecraft:anvil":1,"minecraft:smithing_table":1,"minecraft:lead":2,"minecraft:golden_shovel":1,"minecraft:nether_brick":4,"minecraft:stone_brick_stairs":12,"minecraft:brewing_stand":3,"minecraft:lapis_block":30,"minecraft:string":50,"minecraft:soul_soil":9,"minecraft:raw_copper":723,"minecraft:cooked_salmon":1,"minecraft:iron_leggings":3,"minecraft:shroomlight":2,"minecraft:oak_sign":1,"minecraft:smooth_stone":10,"minecraft:gold_nugget":16,"minecraft:cobbled_deepslate":732,"minecraft:redstone_torch":2,"minecraft:wooden_shovel":2,"minecraft:iron_pickaxe":6,"minecraft:melon_slice":64,"minecraft:iron_boots":3,"minecraft:furnace":21,"minecraft:stick":31,"minecraft:tipped_arrow":3,"minecraft:torch":182,"minecraft:spruce_stairs":17,"minecraft:porkchop":15,"minecraft:golden_axe":3,"minecraft:pointed_dripstone":35,"minecraft:diorite":151,"minecraft:cauldron":1,"minecraft:stone_sword":1,"minecraft:cactus":3,"minecraft:rotten_flesh":100,"minecraft:iron_block":10,"minecraft:obsidian":1,"minecraft:iron_bars":4,"minecraft:cod":2,"minecraft:snowball":78,"minecraft:cobblestone":1707,"minecraft:feather":11,"minecraft:andesite":189,"minecraft:copper_block":20,"minecraft:smoker":2,"minecraft:potato":11,"minecraft:flint":35,"minecraft:tuff":54,"minecraft:lantern":4,"minecraft:lapis_lazuli":74,"minecraft:dirt":686,"minecraft:name_tag":2,"minecraft:bone":76,"minecraft:bow":1,"minecraft:wheat_seeds":132,"minecraft:raw_gold":17,"minecraft:rabbit":4,"minecraft:fletching_table":1,"minecraft:mossy_stone_bricks":4,"minecraft:glowstone_dust":35,"minecraft:stone_hoe":1,"minecraft:oak_planks":67,"minecraft:poisonous_potato":3,"minecraft:sand":29,"minecraft:ink_sac":3,"minecraft:grass_block":1,"minecraft:barrel":2,"minecraft:iron_hoe":1,"minecraft:diamond":1,"minecraft:granite":85,"minecraft:golden_apple":2,"minecraft:emerald":19,"minecraft:oak_sapling":6,"minecraft:netherrack":15,"minecraft:diamond_pickaxe":1,"minecraft:crafting_table":3,"minecraft:azure_bluet":2,"minecraft:splash_potion":1,"minecraft:chicken":1,"minecraft:clay_ball":4,"minecraft:golden_pickaxe":1,"minecraft:wooden_pickaxe":1,"minecraft:gold_block":16,"minecraft:oak_trapdoor":1,"minecraft:red_bed":1,"minecraft:wooden_sword":1,"minecraft:iron_axe":3,"minecraft:flint_and_steel":2,"minecraft:white_carpet":6,"minecraft:iron_shovel":6,"minecraft:cartography_table":2,"minecraft:beef":5,"minecraft:iron_nugget":13,"minecraft:spruce_slab":5,"minecraft:lectern":1,"minecraft:sugar_cane":116,"minecraft:chest":14,"minecraft:egg":6,"minecraft:raw_iron":97,"minecraft:stone":188,"minecraft:oak_door":10,"minecraft:note_block":1,"minecraft:fire_charge":3,"minecraft:carrot":2,"minecraft:redstone":158,"minecraft:iron_horse_armor":1,"minecraft:arrow":29,"minecraft:stone_shovel":2,"minecraft:beetroot_seeds":3,"minecraft:golden_hoe":1,"minecraft:gold_ingot":12,"minecraft:mutton":5,"minecraft:white_wool":7,"minecraft:bone_block":2,"minecraft:oxeye_daisy":4,"minecraft:stripped_oak_log":1,"minecraft:crimson_stem":6,"minecraft:glow_ink_sac":1,"minecraft:salmon":2,"minecraft:leather":11,"minecraft:yellow_dye":5,"minecraft:oak_log":245,"minecraft:golden_boots":2,"minecraft:nether_wart_block":8,"minecraft:gunpowder":10,"minecraft:wooden_hoe":1,"minecraft:paper":5,"minecraft:cooked_mutton":1,"minecraft:red_carpet":2,"minecraft:apple":1,"minecraft:stone_bricks":18,"minecraft:kelp":24,"minecraft:rabbit_hide":2,"minecraft:iron_ingot":19,"minecraft:stone_pickaxe":4,"minecraft:iron_sword":8,"minecraft:soul_sand":6,"minecraft:oak_slab":4,"minecraft:pumpkin":64,"minecraft:stone_brick_slab":2,"minecraft:quartz":13,"minecraft:dandelion":2,"minecraft:dripstone_block":34,"minecraft:gravel":167,"minecraft:spruce_sapling":38,"minecraft:blast_furnace":1,"minecraft:spruce_log":77,"minecraft:crying_obsidian":4,"minecraft:spider_eye":6,"minecraft:oak_wood":3,"minecraft:slime_ball":7,"minecraft:stone_axe":2,"minecraft:iron_helmet":3,"minecraft:gray_wool":1,"minecraft:baked_potato":276,"minecraft:melon_seeds":4,"minecraft:coal":114},"minecraft:dropped":{"minecraft:iron_sword":2,"minecraft:oak_log":3,"minecraft:dirt":1,"minecraft:iron_pickaxe":2,"minecraft:stone_axe":1,"minecraft:rotten_flesh":4,"minecraft:carrot":1,"minecraft:iron_ingot":3,"minecraft:cobblestone":64,"minecraft:lead":1,"minecraft:torch":130,"minecraft:cooked_salmon":1,"minecraft:iron_shovel":1,"minecraft:stone_sword":1,"minecraft:stone_shovel":1,"minecraft:spider_eye":1,"minecraft:stone_pickaxe":2,"minecraft:wooden_pickaxe":1}},"DataVersion":3465}