{"stats":{"minecraft:custom":{"minecraft:mob_kills":24,"minecraft:interact_with_anvil":1,"minecraft:interact_with_crafting_table":45,"minecraft:open_barrel":11,"minecraft:leave_game":1,"minecraft:time_since_death":44570,"minecraft:climb_one_cm":3683,"minecraft:sprint_one_cm":207070,"minecraft:walk_one_cm":603117,"minecraft:drop":14,"minecraft:play_noteblock":7,"minecraft:talked_to_villager":4,"minecraft:play_time":207722,"minecraft:deaths":1,"minecraft:sneak_time":2860,"minecraft:walk_under_water_one_cm":24824,"minecraft:jump":1659,"minecraft:interact_with_blast_furnace":1,"minecraft:walk_on_water_one_cm":29730,"minecraft:total_world_time":207722,"minecraft:interact_with_furnace":95,"minecraft:interact_with_cartography_table":1,"minecraft:tune_noteblock":37,"minecraft:sleep_in_bed":6,"minecraft:time_since_rest":6576,"minecraft:damage_taken":1038,"minecraft:damage_dealt":3803,"minecraft:fly_one_cm":52873,"minecraft:open_chest":38,"minecraft:crouch_one_cm":5251,"minecraft:fall_one_cm":18407,"minecraft:horse_one_cm":8117},"minecraft:crafted":{"minecraft:wooden_sword":1,"minecraft:oak_door":3,"minecraft:oak_planks":92,"minecraft:stone_shovel":2,"minecraft:barrel":1,"minecraft:cooked_chicken":2,"minecraft:furnace":1,"minecraft:stone":139,"minecraft:cooked_mutton":8,"minecraft:oak_trapdoor":2,"minecraft:iron_axe":1,"minecraft:stone_pickaxe":5,"minecraft:chest":2,"minecraft:stone_hoe":1,"minecraft:stone_bricks":56,"minecraft:oak_slab":6,"minecraft:wooden_shovel":1,"minecraft:cooked_porkchop":10,"minecraft:crafting_table":4,"minecraft:wooden_pickaxe":1,"minecraft:iron_sword":1,"minecraft:oak_wood":3,"minecraft:stone_axe":2,"minecraft:stone_brick_stairs":24,"minecraft:wooden_hoe":1,"minecraft:stick":32,"minecraft:iron_ingot":33,"minecraft:iron_pickaxe":1,"minecraft:wooden_axe":1,"minecraft:stone_sword":2,"minecraft:iron_block":1,"minecraft:iron_shovel":1,"minecraft:anvil":1,"minecraft:torch":14},"minecraft:broken":{"minecraft:wooden_pickaxe":1,"minecraft:stone_pickaxe":3,"minecraft:iron_pickaxe":2},"minecraft:killed":{"minecraft:spider":4,"minecraft:skeleton":1,"minecraft:pig":8,"minecraft:zombie":9,"minecraft:stray":1},"minecraft:picked_up":{"minecraft:iron_chestplate":2,"minecraft:crafting_table":2,"minecraft:wooden_pickaxe":1,"minecraft:stone_brick_stairs":6,"minecraft:string":6,"minecraft:raw_copper":209,"minecraft:iron_axe":1,"minecraft:iron_leggings":2,"minecraft:white_carpet":3,"minecraft:iron_shovel":1,"minecraft:cartography_table":1,"minecraft:smooth_stone":1,"minecraft:cobbled_deepslate":6,"minecraft:redstone_torch":1,"minecraft:iron_pickaxe":4,"minecraft:sugar_cane":5,"minecraft:iron_boots":2,"minecraft:furnace":1,"minecraft:tipped_arrow":1,"minecraft:raw_iron":54,"minecraft:stick":25,"minecraft:oak_door":6,"minecraft:torch":51,"minecraft:porkchop":15,"minecraft:pointed_dripstone":2,"minecraft:diorite":46,"minecraft:arrow":2,"minecraft:rotten_flesh":15,"minecraft:iron_block":2,"minecraft:snowball":8,"minecraft:cobblestone":782,"minecraft:oxeye_daisy":1,"minecraft:andesite":41,"minecraft:oak_log":35,"minecraft:lapis_lazuli":47,"minecraft:dirt":171,"minecraft:lantern":1,"minecraft:cooked_mutton":1,"minecraft:bone":2,"minecraft:stone_bricks":7,"minecraft:wheat_seeds":6,"minecraft:raw_gold":9,"minecraft:stone_pickaxe":2,"minecraft:iron_ingot":14,"minecraft:iron_sword":3,"minecraft:pumpkin":12,"minecraft:stone_brick_slab":1,"minecraft:gravel":8,"minecraft:spruce_sapling":8,"minecraft:spruce_log":7,"minecraft:spider_eye":1,"minecraft:diamond":1,"minecraft:iron_helmet":2,"minecraft:granite":44,"minecraft:oak_sapling":3,"minecraft:coal":41},"minecraft:used":{"minecraft:stone_sword":65,"minecraft:iron_shovel":55,"minecraft:stone_shovel":116,"minecraft:chest":2,"minecraft:stone":8,"minecraft:iron_sword":55,"minecraft:wooden_shovel":32,"minecraft:cooked_salmon":5,"minecraft:oak_door":8,"minecraft:torch":43,"minecraft:dirt":68,"minecraft:anvil":1,"minecraft:granite":18,"minecraft:wooden_axe":2,"minecraft:iron_axe":46,"minecraft:barrel":1,"minecraft:stone_brick_stairs":18,"minecraft:stone_bricks":20,"minecraft:furnace":2,"minecraft:cooked_mutton":8,"minecraft:stone_pickaxe":517,"minecraft:oak_planks":5,"minecraft:wooden_pickaxe":60,"minecraft:crafting_table":4,"minecraft:oak_log":43,"minecraft:bread":3,"minecraft:iron_pickaxe":558,"minecraft:gravel":3,"minecraft:stone_axe":77,"minecraft:wooden_sword":20,"minecraft:cobblestone":226,"minecraft:smooth_stone":1},"minecraft:dropped":{"minecraft:iron_ingot":3,"minecraft:oak_log":3,"minecraft:dirt":1,"minecraft:iron_pickaxe":1,"minecraft:stone_axe":1,"minecraft:stone_sword":1,"minecraft:stone_shovel":1,"minecraft:stone_pickaxe":2,"minecraft:wooden_pickaxe":1},"minecraft:mined":{"minecraft:oak_door":2,"minecraft:granite":49,"minecraft:grass_block":47,"minecraft:spruce_leaves":36,"minecraft:cartography_table":1,"minecraft:smooth_stone":1,"minecraft:furnace":1,"minecraft:iron_ore":54,"minecraft:andesite":42,"minecraft:pumpkin":16,"minecraft:pointed_dripstone":1,"minecraft:deepslate_iron_ore":2,"minecraft:lantern":1,"minecraft:stone":756,"minecraft:stone_brick_slab":1,"minecraft:crafting_table":1,"minecraft:torch":3,"minecraft:copper_ore":57,"minecraft:cobblestone":36,"minecraft:lapis_ore":6,"minecraft:sugar_cane":1,"minecraft:diorite":55,"minecraft:wall_torch":2,"minecraft:ice":1,"minecraft:white_carpet":3,"minecraft:spruce_log":7,"minecraft:bee_nest":1,"minecraft:grass":18,"minecraft:coal_ore":40,"minecraft:oak_log":34,"minecraft:dirt":150,"minecraft:gravel":7,"minecraft:dripstone_block":1,"minecraft:stone_bricks":8,"minecraft:gold_ore":9,"minecraft:oak_leaves":27,"minecraft:deepslate":6}},"DataVersion":3465}