{"stats":{"minecraft:mined":{"minecraft:nether_gold_ore":29,"minecraft:tuff":481,"minecraft:deepslate_diamond_ore":12,"minecraft:granite":21,"minecraft:nether_bricks":10,"minecraft:grass_block":15,"minecraft:weeping_vines":1,"minecraft:soul_soil":11,"minecraft:crimson_fungus":1,"minecraft:raw_iron_block":3,"minecraft:magma_block":1,"minecraft:glowstone":31,"minecraft:furnace":2,"minecraft:cobbled_deepslate":19,"minecraft:iron_ore":35,"minecraft:fire":12,"minecraft:andesite":49,"minecraft:deepslate_lapis_ore":9,"minecraft:nether_brick_fence":1,"minecraft:pointed_dripstone":2,"minecraft:deepslate_iron_ore":221,"minecraft:stone":121,"minecraft:bone_block":34,"minecraft:deepslate_redstone_ore":5,"minecraft:soul_sand":72,"minecraft:soul_fire":2,"minecraft:crimson_nylium":29,"minecraft:crafting_table":5,"minecraft:torch":14,"minecraft:melon":1,"minecraft:nether_quartz_ore":165,"minecraft:cobblestone":6,"minecraft:deepslate_coal_ore":2,"minecraft:lapis_ore":3,"minecraft:deepslate_gold_ore":47,"minecraft:diorite":35,"minecraft:wall_torch":8,"minecraft:grass":1,"minecraft:coal_ore":14,"minecraft:oak_log":7,"minecraft:dripstone_block":15,"minecraft:dirt":32,"minecraft:netherrack":528,"minecraft:deepslate":412,"minecraft:oak_leaves":12},"minecraft:picked_up":{"minecraft:crafting_table":5,"minecraft:wheat":8,"minecraft:splash_potion":1,"minecraft:nether_brick_fence":1,"minecraft:potion":3,"minecraft:nether_brick":16,"minecraft:golden_sword":1,"minecraft:raw_copper":9,"minecraft:string":2,"minecraft:blackstone":43,"minecraft:gold_nugget":140,"minecraft:cobbled_deepslate":396,"minecraft:bucket":1,"minecraft:beef":1,"minecraft:melon_slice":3,"minecraft:furnace":2,"minecraft:raw_iron":256,"minecraft:stick":4,"minecraft:torch":88,"minecraft:fire_charge":1,"minecraft:porkchop":9,"minecraft:pointed_dripstone":5,"minecraft:diorite":35,"minecraft:redstone":23,"minecraft:arrow":16,"minecraft:weeping_vines":2,"minecraft:rotten_flesh":29,"minecraft:nether_bricks":10,"minecraft:gold_ingot":5,"minecraft:blaze_rod":5,"minecraft:bone_block":33,"minecraft:cobblestone":85,"minecraft:magma_block":1,"minecraft:andesite":49,"minecraft:leather":8,"minecraft:crimson_fungus":1,"minecraft:tuff":333,"minecraft:oak_log":7,"minecraft:gunpowder":2,"minecraft:dirt":46,"minecraft:lapis_lazuli":80,"minecraft:bone":19,"minecraft:raw_gold":47,"minecraft:glowstone_dust":82,"minecraft:oak_planks":1,"minecraft:soul_sand":68,"minecraft:ghast_tear":1,"minecraft:quartz":164,"minecraft:raw_iron_block":3,"minecraft:dripstone_block":10,"minecraft:gravel":11,"minecraft:spectral_arrow":42,"minecraft:spider_eye":1,"minecraft:diamond":12,"minecraft:granite":29,"minecraft:baked_potato":30,"minecraft:coal":22,"minecraft:oak_sapling":6,"minecraft:netherrack":460,"minecraft:crimson_roots":3,"minecraft:ender_pearl":5},"minecraft:custom":{"minecraft:mob_kills":123,"minecraft:interact_with_crafting_table":22,"minecraft:open_barrel":17,"minecraft:leave_game":1,"minecraft:time_since_death":1105,"minecraft:climb_one_cm":1352,"minecraft:sprint_one_cm":291465,"minecraft:walk_one_cm":491352,"minecraft:drop":65,"minecraft:play_noteblock":3,"minecraft:play_time":224716,"minecraft:deaths":1,"minecraft:sneak_time":13550,"minecraft:walk_under_water_one_cm":34499,"minecraft:jump":2935,"minecraft:interact_with_blast_furnace":1,"minecraft:walk_on_water_one_cm":20745,"minecraft:enchant_item":9,"minecraft:total_world_time":224716,"minecraft:interact_with_furnace":30,"minecraft:tune_noteblock":17,"minecraft:sleep_in_bed":3,"minecraft:time_since_rest":1154,"minecraft:damage_taken":3346,"minecraft:damage_dealt":15150,"minecraft:swim_one_cm":22977,"minecraft:fly_one_cm":389600,"minecraft:open_chest":88,"minecraft:crouch_one_cm":29920,"minecraft:interact_with_smoker":5,"minecraft:fall_one_cm":78944},"minecraft:killed":{"minecraft:zombified_piglin":62,"minecraft:witch":1,"minecraft:spider":4,"minecraft:skeleton":14,"minecraft:magma_cube":4,"minecraft:hoglin":5,"minecraft:zombie":4,"minecraft:ghast":3,"minecraft:wither_skeleton":7,"minecraft:enderman":2,"minecraft:blaze":14,"minecraft:cow":1},"minecraft:broken":{"minecraft:stone_sword":1,"minecraft:iron_pickaxe":3},"minecraft:dropped":{"minecraft:dripstone_block":2,"minecraft:granite":12,"minecraft:torch":20,"minecraft:iron_pickaxe":2,"minecraft:gold_ingot":36,"minecraft:gravel":1,"minecraft:blackstone":1,"minecraft:cobbled_deepslate":139,"minecraft:blaze_rod":1,"minecraft:raw_copper":9,"minecraft:tuff":266,"minecraft:pointed_dripstone":5,"minecraft:rotten_flesh":4,"minecraft:stone_pickaxe":1},"minecraft:crafted":{"minecraft:oak_planks":44,"minecraft:raw_iron":27,"minecraft:furnace":2,"minecraft:raw_copper_block":29,"minecraft:bow":1,"minecraft:iron_boots":1,"minecraft:chest":5,"minecraft:golden_helmet":1,"minecraft:wheat":127,"minecraft:crafting_table":1,"minecraft:baked_potato":56,"minecraft:iron_helmet":1,"minecraft:iron_sword":1,"minecraft:air":0,"minecraft:bread":42,"minecraft:iron_chestplate":1,"minecraft:diamond_pickaxe":1,"minecraft:stick":16,"minecraft:iron_ingot":46,"minecraft:iron_pickaxe":5,"minecraft:gold_ingot":15,"minecraft:iron_shovel":1,"minecraft:iron_leggings":1,"minecraft:torch":12,"minecraft:lapis_block":7},"minecraft:used":{"minecraft:stone_sword":77,"minecraft:iron_shovel":93,"minecraft:chest":5,"minecraft:iron_sword":252,"minecraft:cooked_chicken":2,"minecraft:netherrack":105,"minecraft:torch":68,"minecraft:dirt":17,"minecraft:tuff":32,"minecraft:granite":17,"minecraft:weeping_vines":2,"minecraft:magma_block":1,"minecraft:bow":87,"minecraft:furnace":2,"minecraft:oak_sapling":6,"minecraft:cobbled_deepslate":125,"minecraft:iron_leggings":1,"minecraft:water_bucket":19,"minecraft:baked_potato":63,"minecraft:crafting_table":5,"minecraft:dripstone_block":8,"minecraft:oak_log":3,"minecraft:diamond_pickaxe":1158,"minecraft:melon_slice":3,"minecraft:iron_pickaxe":1210,"minecraft:andesite":12,"minecraft:bucket":20}},"DataVersion":3465}