{"stats":{"minecraft:crafted":{"minecraft:yellow_wool":3,"minecraft:oak_planks":292,"minecraft:cooked_chicken":6,"minecraft:stone":64,"minecraft:bookshelf":17,"minecraft:cooked_mutton":4,"minecraft:quartz_block":29,"minecraft:iron_boots":3,"minecraft:melon_seeds":2,"minecraft:chest":3,"minecraft:copper_block":10,"minecraft:oak_fence":30,"minecraft:golden_boots":1,"minecraft:smoker":1,"minecraft:item_frame":2,"minecraft:oak_slab":24,"minecraft:cooked_porkchop":15,"minecraft:crafting_table":2,"minecraft:spruce_planks":20,"minecraft:glow_item_frame":2,"minecraft:iron_helmet":3,"minecraft:baked_potato":239,"minecraft:red_wool":3,"minecraft:copper_ingot":96,"minecraft:gold_block":10,"minecraft:iron_chestplate":3,"minecraft:book":26,"minecraft:diamond_pickaxe":2,"minecraft:paper":165,"minecraft:charcoal":2,"minecraft:yellow_dye":8,"minecraft:stick":200,"minecraft:iron_ingot":438,"minecraft:iron_pickaxe":8,"minecraft:iron_block":42,"minecraft:snow_block":11,"minecraft:gold_ingot":72,"minecraft:polished_andesite":12,"minecraft:furnace":6,"minecraft:yellow_bed":1,"minecraft:bone_meal":42,"minecraft:flint_and_steel":1,"minecraft:iron_axe":6,"minecraft:iron_hoe":1,"minecraft:stone_pickaxe":2,"minecraft:redstone_block":35,"minecraft:dark_oak_planks":4,"minecraft:lead":2,"minecraft:cooked_beef":21,"minecraft:red_dye":3,"minecraft:enchanting_table":1,"minecraft:iron_sword":4,"minecraft:red_bed":1,"minecraft:cooked_salmon":14,"minecraft:bucket":1,"minecraft:air":0,"minecraft:oak_fence_gate":1,"minecraft:oak_boat":1,"minecraft:oak_stairs":8,"minecraft:iron_leggings":3,"minecraft:note_block":1,"minecraft:torch":428,"minecraft:lapis_block":21,"minecraft:lapis_lazuli":18},"minecraft:custom":{"minecraft:interact_with_crafting_table":122,"minecraft:open_barrel":98,"minecraft:bell_ring":6,"minecraft:leave_game":8,"minecraft:time_since_death":664235,"minecraft:sprint_one_cm":1887678,"minecraft:drop":164,"minecraft:play_noteblock":1,"minecraft:talked_to_villager":21,"minecraft:play_time":954274,"minecraft:deaths":1,"minecraft:jump":11564,"minecraft:interact_with_brewingstand":4,"minecraft:walk_on_water_one_cm":125166,"minecraft:enchant_item":8,"minecraft:interact_with_furnace":251,"minecraft:interact_with_loom":1,"minecraft:sleep_in_bed":20,"minecraft:damage_dealt":34246,"minecraft:crouch_one_cm":73167,"minecraft:interact_with_smoker":59,"minecraft:horse_one_cm":3041923,"minecraft:interact_with_smithing_table":3,"minecraft:interact_with_anvil":10,"minecraft:mob_kills":250,"minecraft:climb_one_cm":4177,"minecraft:walk_one_cm":1303917,"minecraft:sneak_time":17209,"minecraft:walk_under_water_one_cm":153445,"minecraft:boat_one_cm":1165325,"minecraft:interact_with_blast_furnace":28,"minecraft:total_world_time":954274,"minecraft:tune_noteblock":97,"minecraft:time_since_rest":28252,"minecraft:damage_taken":7980,"minecraft:swim_one_cm":271728,"minecraft:fly_one_cm":2170139,"minecraft:open_chest":619,"minecraft:fall_one_cm":314971},"minecraft:dropped":{"minecraft:iron_sword":1,"minecraft:baked_potato":108,"minecraft:glow_ink_sac":1,"minecraft:diamond":1,"minecraft:weeping_vines":3,"minecraft:chest_minecart":1,"minecraft:leather":2,"minecraft:rail":58,"minecraft:dirt":27,"minecraft:bone_block":2,"minecraft:iron_pickaxe":5,"minecraft:bone":2,"minecraft:gold_ingot":39,"minecraft:gravel":13,"minecraft:sugar_cane":10,"minecraft:cobbled_deepslate":160,"minecraft:pointed_dripstone":34,"minecraft:rotten_flesh":23,"minecraft:cooked_mutton":1,"minecraft:gunpowder":2,"minecraft:beetroot_seeds":10,"minecraft:melon_seeds":4,"minecraft:iron_bars":8,"minecraft:stone_brick_stairs":6,"minecraft:netherrack":8,"minecraft:golden_boots":1,"minecraft:iron_ingot":18,"minecraft:wheat_seeds":1,"minecraft:dripstone_block":5,"minecraft:poisonous_potato":5,"minecraft:iron_helmet":1,"minecraft:cobblestone":128,"minecraft:stick":17,"minecraft:oxeye_daisy":1,"minecraft:iron_block":2,"minecraft:diorite":2,"minecraft:torch":39,"minecraft:nether_wart_block":2,"minecraft:melon_slice":1,"minecraft:iron_leggings":2,"minecraft:string":3,"minecraft:bucket":2,"minecraft:furnace":2,"minecraft:kelp":37,"minecraft:oak_trapdoor":1,"minecraft:stone_sword":1,"minecraft:tuff":13,"minecraft:chicken":1,"minecraft:white_carpet":18,"minecraft:clay_ball":4,"minecraft:iron_boots":1,"minecraft:oak_sign":1,"minecraft:shroomlight":2,"minecraft:iron_chestplate":1,"minecraft:andesite":2,"minecraft:wooden_shovel":1,"minecraft:redstone_torch":1,"minecraft:spider_eye":4,"minecraft:bow":6},"minecraft:mined":{"minecraft:dark_oak_planks":1,"minecraft:spruce_planks":1,"minecraft:cherry_log":47,"minecraft:potted_cactus":1,"minecraft:brewing_stand":2,"minecraft:obsidian":12,"minecraft:granite":17,"minecraft:grass_block":113,"minecraft:soul_soil":1,"minecraft:crimson_fungus":1,"minecraft:oak_wall_sign":1,"minecraft:oxeye_daisy":3,"minecraft:smooth_stone":10,"minecraft:weeping_vines_plant":1,"minecraft:tall_seagrass":2,"minecraft:magma_block":2,"minecraft:glowstone":11,"minecraft:iron_ore":135,"minecraft:cobbled_deepslate":45,"minecraft:fire":11,"minecraft:pumpkin":10,"minecraft:anvil":1,"minecraft:deepslate_lapis_ore":3,"minecraft:fletching_table":2,"minecraft:azure_bluet":2,"minecraft:enchanting_table":1,"minecraft:pointed_dripstone":7,"minecraft:water_cauldron":1,"minecraft:oak_stairs":4,"minecraft:iron_bars":6,"minecraft:deepslate_redstone_ore":59,"minecraft:red_bed":4,"minecraft:smoker":3,"minecraft:crimson_nylium":3,"minecraft:soul_fire":2,"minecraft:torch":10,"minecraft:note_block":1,"minecraft:blast_furnace":6,"minecraft:poppy":3,"minecraft:melon":18,"minecraft:chest":15,"minecraft:nether_quartz_ore":88,"minecraft:cobblestone":45,"minecraft:oak_planks":11,"minecraft:sugar_cane":176,"minecraft:wall_torch":11,"minecraft:seagrass":1,"minecraft:nether_wart_block":8,"minecraft:wheat":45,"minecraft:warped_fungus":1,"minecraft:grass":266,"minecraft:oak_log":254,"minecraft:dirt":154,"minecraft:netherrack":128,"minecraft:oak_leaves":56,"minecraft:deepslate":1054,"minecraft:infested_deepslate":2,"minecraft:nether_gold_ore":14,"minecraft:crying_obsidian":2,"minecraft:tuff":127,"minecraft:red_carpet":2,"minecraft:deepslate_diamond_ore":15,"minecraft:cherry_sapling":1,"minecraft:dark_oak_log":8,"minecraft:glow_lichen":3,"minecraft:nether_bricks":43,"minecraft:weeping_vines":1,"minecraft:spruce_leaves":66,"minecraft:crimson_stem":6,"minecraft:hay_block":79,"minecraft:oak_trapdoor":1,"minecraft:furnace":4,"minecraft:andesite":112,"minecraft:gold_block":6,"minecraft:bookshelf":10,"minecraft:potatoes":258,"minecraft:shroomlight":3,"minecraft:deepslate_iron_ore":36,"minecraft:rail":1,"minecraft:lantern":2,"minecraft:stone":560,"minecraft:bone_block":2,"minecraft:smithing_table":2,"minecraft:oak_slab":9,"minecraft:soul_sand":3,"minecraft:basalt":1,"minecraft:dandelion":9,"minecraft:oak_fence":6,"minecraft:crafting_table":2,"minecraft:emerald_ore":1,"minecraft:lectern":1,"minecraft:copper_ore":40,"minecraft:tall_grass":53,"minecraft:deepslate_coal_ore":2,"minecraft:lapis_ore":14,"minecraft:deepslate_gold_ore":42,"minecraft:diorite":45,"minecraft:warped_wart_block":2,"minecraft:lime_bed":1,"minecraft:redstone_torch":1,"minecraft:white_carpet":5,"minecraft:spruce_log":191,"minecraft:yellow_bed":3,"minecraft:coal_ore":480,"minecraft:cherry_leaves":43,"minecraft:gravel":18,"minecraft:dripstone_block":28,"minecraft:cobweb":10,"minecraft:polished_andesite":1,"minecraft:stone_bricks":2,"minecraft:mossy_stone_bricks":4,"minecraft:gold_ore":9},"minecraft:killed":{"minecraft:witch":1,"minecraft:spider":21,"minecraft:skeleton":40,"minecraft:chicken":12,"minecraft:silverfish":2,"minecraft:pig":7,"minecraft:zombie_villager":2,"minecraft:salmon":20,"minecraft:creeper":8,"minecraft:sheep":15,"minecraft:pillager":1,"minecraft:zombie":59,"minecraft:donkey":1,"minecraft:stray":3,"minecraft:ghast":1,"minecraft:glow_squid":1,"minecraft:blaze":9,"minecraft:cow":25,"minecraft:slime":6,"minecraft:rabbit":1,"minecraft:wandering_trader":1,"minecraft:hoglin":1,"minecraft:squid":1,"minecraft:wither_skeleton":5,"minecraft:enderman":3},"minecraft:used":{"minecraft:cherry_sapling":8,"minecraft:chest":18,"minecraft:iron_sword":740,"minecraft:rotten_flesh":9,"minecraft:iron_chestplate":1,"minecraft:soul_sand":3,"minecraft:nether_bricks":12,"minecraft:snowball":1,"minecraft:obsidian":2,"minecraft:lava_bucket":4,"minecraft:lantern":3,"minecraft:iron_helmet":1,"minecraft:stone_bricks":1,"minecraft:magma_block":1,"minecraft:bow":40,"minecraft:oak_sapling":26,"minecraft:furnace":6,"minecraft:beetroot_seeds":5,"minecraft:egg":2,"minecraft:potato":345,"minecraft:oak_planks":9,"minecraft:stone_pickaxe":243,"minecraft:ender_pearl":1,"minecraft:sugar_cane":47,"minecraft:blast_furnace":6,"minecraft:note_block":2,"minecraft:dark_oak_log":8,"minecraft:bread":1,"minecraft:gravel":1,"minecraft:smithing_table":1,"minecraft:andesite":5,"minecraft:oak_boat":10,"minecraft:bone_meal":43,"minecraft:oak_fence":36,"minecraft:oak_trapdoor":2,"minecraft:iron_bars":2,"minecraft:enchanting_table":2,"minecraft:stone_sword":55,"minecraft:flint_and_steel":9,"minecraft:stone_shovel":118,"minecraft:spruce_planks":1,"minecraft:cooked_salmon":8,"minecraft:wooden_shovel":12,"minecraft:cooked_chicken":6,"minecraft:netherrack":28,"minecraft:torch":519,"minecraft:brewing_stand":1,"minecraft:dirt":180,"minecraft:anvil":1,"minecraft:granite":7,"minecraft:oak_fence_gate":1,"minecraft:shroomlight":1,"minecraft:iron_hoe":95,"minecraft:dark_oak_planks":1,"minecraft:bookshelf":17,"minecraft:iron_axe":518,"minecraft:oak_stairs":10,"minecraft:iron_boots":1,"minecraft:melon_seeds":4,"minecraft:goat_horn":2,"minecraft:cooked_beef":19,"minecraft:cobbled_deepslate":310,"minecraft:cherry_log":2,"minecraft:golden_axe":96,"minecraft:iron_leggings":1,"minecraft:cooked_mutton":3,"minecraft:wheat_seeds":44,"minecraft:water_bucket":62,"minecraft:lead":1,"minecraft:polished_andesite":1,"minecraft:baked_potato":117,"minecraft:fletching_table":1,"minecraft:glow_item_frame":2,"minecraft:oak_slab":38,"minecraft:lime_bed":1,"minecraft:crafting_table":4,"minecraft:red_bed":4,"minecraft:spruce_log":6,"minecraft:smoker":4,"minecraft:oak_log":43,"minecraft:diamond_pickaxe":1557,"minecraft:iron_pickaxe":1449,"minecraft:stone_axe":65,"minecraft:cobblestone":535,"minecraft:cooked_porkchop":25,"minecraft:bucket":67,"minecraft:yellow_bed":4,"minecraft:dandelion":1,"minecraft:smooth_stone":1},"minecraft:picked_up":{"minecraft:iron_chestplate":1,"minecraft:wheat":44,"minecraft:flower_pot":1,"minecraft:anvil":1,"minecraft:smithing_table":3,"minecraft:lead":19,"minecraft:oak_stairs":4,"minecraft:potion":3,"minecraft:enchanted_book":1,"minecraft:nether_brick":10,"minecraft:stone_brick_stairs":6,"minecraft:brewing_stand":2,"minecraft:string":43,"minecraft:soul_soil":3,"minecraft:raw_copper":181,"minecraft:iron_leggings":2,"minecraft:shroomlight":7,"minecraft:oak_sign":3,"minecraft:cobbled_deepslate":867,"minecraft:gold_nugget":48,"minecraft:smooth_stone":10,"minecraft:bucket":2,"minecraft:spruce_planks":1,"minecraft:redstone_torch":2,"minecraft:iron_pickaxe":4,"minecraft:melon_slice":81,"minecraft:iron_boots":1,"minecraft:furnace":6,"minecraft:tipped_arrow":1,"minecraft:stick":31,"minecraft:oak_fence":6,"minecraft:torch":148,"minecraft:porkchop":14,"minecraft:cherry_log":46,"minecraft:pointed_dripstone":41,"minecraft:diorite":14,"minecraft:cauldron":2,"minecraft:black_dye":1,"minecraft:quartz_block":1,"minecraft:stone_sword":2,"minecraft:cactus":1,"minecraft:rotten_flesh":72,"minecraft:blaze_rod":2,"minecraft:obsidian":15,"minecraft:iron_bars":14,"minecraft:cobblestone":623,"minecraft:enchanting_table":1,"minecraft:magma_block":2,"minecraft:feather":14,"minecraft:cooked_beef":10,"minecraft:water_bucket":1,"minecraft:andesite":112,"minecraft:smoker":3,"minecraft:potato":885,"minecraft:flint":7,"minecraft:tuff":101,"minecraft:lantern":5,"minecraft:lapis_lazuli":106,"minecraft:dirt":354,"minecraft:name_tag":3,"minecraft:bone":47,"minecraft:bow":6,"minecraft:wheat_seeds":170,"minecraft:raw_gold":51,"minecraft:mossy_stone_bricks":4,"minecraft:fletching_table":3,"minecraft:rabbit":3,"minecraft:glowstone_dust":35,"minecraft:oak_planks":17,"minecraft:cooked_porkchop":12,"minecraft:poisonous_potato":6,"minecraft:ink_sac":5,"minecraft:grass_block":1,"minecraft:spectral_arrow":12,"minecraft:dark_oak_log":8,"minecraft:polished_andesite":1,"minecraft:diamond":15,"minecraft:granite":23,"minecraft:bone_meal":2,"minecraft:emerald":1,"minecraft:oak_sapling":26,"minecraft:netherrack":128,"minecraft:crafting_table":2,"minecraft:azure_bluet":4,"minecraft:splash_potion":3,"minecraft:chicken":13,"minecraft:clay_ball":8,"minecraft:chest_minecart":1,"minecraft:gold_block":6,"minecraft:red_bed":4,"minecraft:oak_trapdoor":3,"minecraft:iron_axe":1,"minecraft:white_carpet":21,"minecraft:cartography_table":1,"minecraft:beef":57,"minecraft:oak_boat":10,"minecraft:poppy":3,"minecraft:light_gray_wool":1,"minecraft:lectern":2,"minecraft:sugar_cane":277,"minecraft:chest":15,"minecraft:egg":10,"minecraft:raw_iron":171,"minecraft:oak_door":1,"minecraft:note_block":1,"minecraft:fire_charge":5,"minecraft:carrot":2,"minecraft:redstone":235,"minecraft:dark_oak_planks":1,"minecraft:arrow":49,"minecraft:weeping_vines":3,"minecraft:stone_shovel":2,"minecraft:beetroot_seeds":10,"minecraft:nether_bricks":39,"minecraft:hay_block":79,"minecraft:gold_ingot":27,"minecraft:mutton":19,"minecraft:bone_block":4,"minecraft:rail":30,"minecraft:white_wool":22,"minecraft:oxeye_daisy":5,"minecraft:lime_bed":1,"minecraft:basalt":1,"minecraft:glow_ink_sac":8,"minecraft:crimson_stem":6,"minecraft:salmon":19,"minecraft:leather":42,"minecraft:yellow_dye":10,"minecraft:crimson_fungus":1,"minecraft:oak_log":255,"minecraft:yellow_bed":3,"minecraft:nether_wart_block":10,"minecraft:gunpowder":12,"minecraft:paper":11,"minecraft:red_carpet":4,"minecraft:apple":1,"minecraft:stone_bricks":2,"minecraft:kelp":37,"minecraft:iron_ingot":7,"minecraft:stone_pickaxe":1,"minecraft:iron_sword":1,"minecraft:soul_sand":20,"minecraft:music_disc_chirp":1,"minecraft:book":33,"minecraft:oak_slab":11,"minecraft:warped_fungus":1,"minecraft:pumpkin":8,"minecraft:quartz":94,"minecraft:dandelion":10,"minecraft:dripstone_block":38,"minecraft:gravel":19,"minecraft:spruce_sapling":1,"minecraft:blast_furnace":7,"minecraft:spruce_log":186,"minecraft:crying_obsidian":4,"minecraft:spider_eye":6,"minecraft:lime_dye":1,"minecraft:slime_ball":8,"minecraft:stone_axe":1,"minecraft:iron_helmet":1,"minecraft:cherry_sapling":8,"minecraft:gray_wool":3,"minecraft:melon_seeds":4,"minecraft:black_wool":1,"minecraft:coal":517,"minecraft:ender_pearl":2},"minecraft:broken":{"minecraft:golden_leggings":1,"minecraft:stone_pickaxe":1,"minecraft:stone_axe":1,"minecraft:iron_sword":2,"minecraft:stone_shovel":1,"minecraft:iron_axe":1,"minecraft:iron_pickaxe":4,"minecraft:iron_helmet":1}},"DataVersion":3465}