{"stats":{"minecraft:crafted":{"minecraft:oak_planks":128,"minecraft:yellow_wool":3,"minecraft:cooked_chicken":6,"minecraft:furnace":5,"minecraft:stone":64,"minecraft:yellow_bed":1,"minecraft:bone_meal":9,"minecraft:cooked_mutton":4,"minecraft:flint_and_steel":1,"minecraft:iron_boots":2,"minecraft:iron_axe":1,"minecraft:iron_hoe":1,"minecraft:stone_pickaxe":2,"minecraft:chest":1,"minecraft:oak_fence":24,"minecraft:lead":2,"minecraft:cooked_beef":21,"minecraft:red_dye":3,"minecraft:item_frame":2,"minecraft:cooked_porkchop":15,"minecraft:glow_item_frame":2,"minecraft:iron_helmet":2,"minecraft:iron_sword":3,"minecraft:red_bed":1,"minecraft:red_wool":3,"minecraft:cooked_salmon":14,"minecraft:copper_ingot":96,"minecraft:bucket":1,"minecraft:air":0,"minecraft:oak_fence_gate":1,"minecraft:iron_chestplate":2,"minecraft:charcoal":2,"minecraft:yellow_dye":8,"minecraft:stick":128,"minecraft:iron_ingot":128,"minecraft:iron_pickaxe":5,"minecraft:iron_block":2,"minecraft:iron_leggings":2,"minecraft:gold_ingot":9,"minecraft:note_block":1,"minecraft:torch":296},"minecraft:custom":{"minecraft:interact_with_smithing_table":1,"minecraft:interact_with_anvil":1,"minecraft:mob_kills":113,"minecraft:interact_with_crafting_table":54,"minecraft:open_barrel":8,"minecraft:bell_ring":6,"minecraft:leave_game":5,"minecraft:time_since_death":252433,"minecraft:climb_one_cm":3732,"minecraft:sprint_one_cm":716102,"minecraft:walk_one_cm":505824,"minecraft:drop":36,"minecraft:talked_to_villager":19,"minecraft:play_time":252433,"minecraft:sneak_time":7046,"minecraft:walk_under_water_one_cm":64662,"minecraft:jump":4739,"minecraft:interact_with_brewingstand":1,"minecraft:interact_with_blast_furnace":1,"minecraft:walk_on_water_one_cm":63843,"minecraft:total_world_time":252433,"minecraft:interact_with_furnace":150,"minecraft:tune_noteblock":16,"minecraft:sleep_in_bed":9,"minecraft:time_since_rest":10568,"minecraft:damage_taken":2473,"minecraft:damage_dealt":12612,"minecraft:swim_one_cm":67901,"minecraft:fly_one_cm":770531,"minecraft:open_chest":115,"minecraft:crouch_one_cm":26606,"minecraft:fall_one_cm":127026,"minecraft:interact_with_smoker":1,"minecraft:horse_one_cm":44072},"minecraft:mined":{"minecraft:tuff":7,"minecraft:red_carpet":2,"minecraft:deepslate_diamond_ore":1,"minecraft:potted_cactus":1,"minecraft:brewing_stand":1,"minecraft:glow_lichen":3,"minecraft:granite":16,"minecraft:grass_block":72,"minecraft:spruce_leaves":22,"minecraft:oxeye_daisy":3,"minecraft:oak_wall_sign":1,"minecraft:tall_seagrass":2,"minecraft:furnace":2,"minecraft:iron_ore":91,"minecraft:fire":3,"minecraft:cobbled_deepslate":17,"minecraft:andesite":29,"minecraft:pumpkin":10,"minecraft:fletching_table":1,"minecraft:gold_block":2,"minecraft:azure_bluet":2,"minecraft:potatoes":3,"minecraft:pointed_dripstone":7,"minecraft:water_cauldron":1,"minecraft:deepslate_iron_ore":17,"minecraft:iron_bars":4,"minecraft:lantern":2,"minecraft:stone":225,"minecraft:smithing_table":1,"minecraft:deepslate_redstone_ore":18,"minecraft:red_bed":2,"minecraft:smoker":1,"minecraft:dandelion":9,"minecraft:oak_fence":4,"minecraft:torch":2,"minecraft:crafting_table":2,"minecraft:blast_furnace":1,"minecraft:poppy":3,"minecraft:chest":5,"minecraft:copper_ore":39,"minecraft:tall_grass":44,"minecraft:cobblestone":11,"minecraft:deepslate_gold_ore":22,"minecraft:lapis_ore":9,"minecraft:sugar_cane":13,"minecraft:diorite":8,"minecraft:seagrass":1,"minecraft:redstone_torch":1,"minecraft:wheat":2,"minecraft:white_carpet":5,"minecraft:spruce_log":17,"minecraft:grass":241,"minecraft:oak_log":170,"minecraft:coal_ore":200,"minecraft:gravel":10,"minecraft:dripstone_block":17,"minecraft:dirt":78,"minecraft:stone_bricks":2,"minecraft:netherrack":10,"minecraft:gold_ore":1,"minecraft:mossy_stone_bricks":4,"minecraft:oak_leaves":43,"minecraft:deepslate":100},"minecraft:dropped":{"minecraft:iron_ingot":14,"minecraft:iron_sword":1,"minecraft:diamond":1,"minecraft:iron_helmet":1,"minecraft:stick":14,"minecraft:oxeye_daisy":1,"minecraft:iron_block":2,"minecraft:dirt":4,"minecraft:torch":39,"minecraft:iron_leggings":2,"minecraft:iron_pickaxe":4,"minecraft:string":2,"minecraft:gravel":8,"minecraft:white_carpet":15,"minecraft:rotten_flesh":1,"minecraft:iron_boots":1,"minecraft:cooked_mutton":1,"minecraft:iron_chestplate":1,"minecraft:redstone_torch":1,"minecraft:spider_eye":2,"minecraft:stone_brick_stairs":6},"minecraft:killed":{"minecraft:spider":12,"minecraft:slime":6,"minecraft:skeleton":10,"minecraft:chicken":8,"minecraft:pig":6,"minecraft:zombie_villager":2,"minecraft:salmon":20,"minecraft:rabbit":1,"minecraft:creeper":4,"minecraft:squid":1,"minecraft:sheep":11,"minecraft:zombie":14,"minecraft:donkey":1,"minecraft:stray":2,"minecraft:glow_squid":1,"minecraft:enderman":1,"minecraft:cow":12},"minecraft:picked_up":{"minecraft:crafting_table":2,"minecraft:wheat":2,"minecraft:azure_bluet":4,"minecraft:splash_potion":1,"minecraft:chicken":9,"minecraft:flower_pot":1,"minecraft:smithing_table":1,"minecraft:lead":6,"minecraft:gold_block":2,"minecraft:stone_brick_stairs":6,"minecraft:brewing_stand":1,"minecraft:string":18,"minecraft:red_bed":2,"minecraft:raw_copper":177,"minecraft:iron_leggings":1,"minecraft:white_carpet":15,"minecraft:oak_sign":1,"minecraft:cobbled_deepslate":116,"minecraft:beef":26,"minecraft:redstone_torch":1,"minecraft:poppy":3,"minecraft:iron_pickaxe":2,"minecraft:light_gray_wool":1,"minecraft:sugar_cane":25,"minecraft:chest":5,"minecraft:furnace":2,"minecraft:egg":8,"minecraft:tipped_arrow":1,"minecraft:stick":24,"minecraft:raw_iron":108,"minecraft:oak_fence":4,"minecraft:torch":21,"minecraft:fire_charge":2,"minecraft:porkchop":10,"minecraft:pointed_dripstone":6,"minecraft:diorite":10,"minecraft:redstone":81,"minecraft:cauldron":1,"minecraft:stone_sword":1,"minecraft:arrow":10,"minecraft:cactus":1,"minecraft:stone_shovel":1,"minecraft:rotten_flesh":24,"minecraft:mutton":13,"minecraft:iron_bars":4,"minecraft:white_wool":11,"minecraft:cobblestone":346,"minecraft:oxeye_daisy":5,"minecraft:feather":12,"minecraft:glow_ink_sac":3,"minecraft:salmon":19,"minecraft:andesite":29,"minecraft:leather":17,"minecraft:yellow_dye":5,"minecraft:smoker":1,"minecraft:potato":3,"minecraft:flint":6,"minecraft:tuff":6,"minecraft:oak_log":172,"minecraft:gunpowder":5,"minecraft:lapis_lazuli":47,"minecraft:dirt":229,"minecraft:lantern":2,"minecraft:red_carpet":2,"minecraft:bone":12,"minecraft:apple":1,"minecraft:stone_bricks":2,"minecraft:bow":1,"minecraft:wheat_seeds":40,"minecraft:raw_gold":24,"minecraft:iron_ingot":3,"minecraft:stone_pickaxe":1,"minecraft:mossy_stone_bricks":4,"minecraft:fletching_table":1,"minecraft:rabbit":3,"minecraft:music_disc_chirp":1,"minecraft:cooked_porkchop":10,"minecraft:pumpkin":8,"minecraft:dandelion":10,"minecraft:dripstone_block":25,"minecraft:gravel":11,"minecraft:blast_furnace":1,"minecraft:ink_sac":3,"minecraft:spruce_log":17,"minecraft:grass_block":1,"minecraft:spider_eye":5,"minecraft:slime_ball":8,"minecraft:diamond":1,"minecraft:stone_axe":1,"minecraft:granite":22,"minecraft:bone_meal":2,"minecraft:gray_wool":2,"minecraft:oak_sapling":26,"minecraft:netherrack":11,"minecraft:black_wool":1,"minecraft:coal":199,"minecraft:ender_pearl":1},"minecraft:used":{"minecraft:oak_trapdoor":1,"minecraft:oak_fence":28,"minecraft:stone_sword":55,"minecraft:flint_and_steel":7,"minecraft:stone_shovel":71,"minecraft:chest":5,"minecraft:iron_sword":270,"minecraft:cooked_salmon":8,"minecraft:cooked_chicken":6,"minecraft:rotten_flesh":9,"minecraft:netherrack":2,"minecraft:torch":265,"minecraft:dirt":141,"minecraft:granite":7,"minecraft:oak_fence_gate":1,"minecraft:iron_hoe":95,"minecraft:lava_bucket":4,"minecraft:iron_axe":138,"minecraft:melon_seeds":2,"minecraft:stone_bricks":1,"minecraft:oak_sapling":26,"minecraft:furnace":6,"minecraft:cooked_beef":10,"minecraft:cobbled_deepslate":42,"minecraft:golden_axe":90,"minecraft:cooked_mutton":3,"minecraft:wheat_seeds":41,"minecraft:water_bucket":37,"minecraft:stone_pickaxe":243,"minecraft:ender_pearl":1,"minecraft:sugar_cane":25,"minecraft:glow_item_frame":2,"minecraft:crafting_table":2,"minecraft:red_bed":2,"minecraft:note_block":1,"minecraft:spruce_log":2,"minecraft:oak_log":1,"minecraft:iron_pickaxe":631,"minecraft:stone_axe":6,"minecraft:cobblestone":130,"minecraft:cooked_porkchop":19,"minecraft:andesite":2,"minecraft:bucket":41,"minecraft:yellow_bed":1,"minecraft:dandelion":1,"minecraft:bone_meal":10},"minecraft:broken":{"minecraft:stone_pickaxe":1,"minecraft:iron_sword":1,"minecraft:iron_pickaxe":2}},"DataVersion":3465}