{"stats":{"minecraft:crafted":{"minecraft:oak_planks":128,"minecraft:yellow_wool":3,"minecraft:cooked_chicken":6,"minecraft:furnace":5,"minecraft:stone":64,"minecraft:yellow_bed":1,"minecraft:bone_meal":42,"minecraft:cooked_mutton":4,"minecraft:flint_and_steel":1,"minecraft:iron_boots":2,"minecraft:iron_axe":1,"minecraft:melon_seeds":2,"minecraft:iron_hoe":1,"minecraft:stone_pickaxe":2,"minecraft:chest":1,"minecraft:oak_fence":24,"minecraft:lead":2,"minecraft:cooked_beef":21,"minecraft:red_dye":3,"minecraft:item_frame":2,"minecraft:cooked_porkchop":15,"minecraft:glow_item_frame":2,"minecraft:iron_helmet":2,"minecraft:iron_sword":3,"minecraft:red_bed":1,"minecraft:red_wool":3,"minecraft:cooked_salmon":14,"minecraft:copper_ingot":96,"minecraft:bucket":1,"minecraft:air":0,"minecraft:oak_fence_gate":1,"minecraft:iron_chestplate":2,"minecraft:charcoal":2,"minecraft:yellow_dye":8,"minecraft:stick":128,"minecraft:iron_ingot":128,"minecraft:iron_pickaxe":6,"minecraft:iron_block":2,"minecraft:iron_leggings":2,"minecraft:gold_ingot":36,"minecraft:note_block":1,"minecraft:torch":316},"minecraft:custom":{"minecraft:interact_with_smithing_table":1,"minecraft:interact_with_anvil":2,"minecraft:mob_kills":132,"minecraft:interact_with_crafting_table":55,"minecraft:open_barrel":10,"minecraft:bell_ring":6,"minecraft:leave_game":5,"minecraft:time_since_death":52394,"minecraft:climb_one_cm":3732,"minecraft:sprint_one_cm":778066,"minecraft:walk_one_cm":571967,"minecraft:drop":38,"minecraft:talked_to_villager":21,"minecraft:deaths":1,"minecraft:play_time":342433,"minecraft:sneak_time":7543,"minecraft:walk_under_water_one_cm":107704,"minecraft:jump":5133,"minecraft:interact_with_brewingstand":3,"minecraft:interact_with_blast_furnace":1,"minecraft:walk_on_water_one_cm":75550,"minecraft:total_world_time":342433,"minecraft:interact_with_furnace":154,"minecraft:tune_noteblock":16,"minecraft:sleep_in_bed":11,"minecraft:time_since_rest":52480,"minecraft:damage_taken":3432,"minecraft:damage_dealt":16136,"minecraft:swim_one_cm":121967,"minecraft:fly_one_cm":851373,"minecraft:open_chest":155,"minecraft:crouch_one_cm":27702,"minecraft:fall_one_cm":141525,"minecraft:interact_with_smoker":4,"minecraft:horse_one_cm":1320601},"minecraft:mined":{"minecraft:tuff":23,"minecraft:red_carpet":2,"minecraft:deepslate_diamond_ore":1,"minecraft:potted_cactus":1,"minecraft:brewing_stand":1,"minecraft:glow_lichen":3,"minecraft:granite":16,"minecraft:grass_block":73,"minecraft:spruce_leaves":22,"minecraft:oxeye_daisy":3,"minecraft:oak_wall_sign":1,"minecraft:tall_seagrass":2,"minecraft:magma_block":2,"minecraft:oak_trapdoor":1,"minecraft:furnace":2,"minecraft:iron_ore":94,"minecraft:fire":3,"minecraft:cobbled_deepslate":37,"minecraft:andesite":39,"minecraft:pumpkin":10,"minecraft:fletching_table":2,"minecraft:gold_block":3,"minecraft:azure_bluet":2,"minecraft:potatoes":16,"minecraft:pointed_dripstone":7,"minecraft:water_cauldron":1,"minecraft:deepslate_iron_ore":17,"minecraft:iron_bars":4,"minecraft:lantern":2,"minecraft:stone":246,"minecraft:smithing_table":1,"minecraft:deepslate_redstone_ore":18,"minecraft:red_bed":2,"minecraft:smoker":1,"minecraft:dandelion":9,"minecraft:oak_fence":4,"minecraft:torch":2,"minecraft:crafting_table":2,"minecraft:blast_furnace":1,"minecraft:melon":1,"minecraft:poppy":3,"minecraft:chest":5,"minecraft:copper_ore":39,"minecraft:tall_grass":44,"minecraft:cobblestone":23,"minecraft:deepslate_gold_ore":23,"minecraft:lapis_ore":9,"minecraft:sugar_cane":34,"minecraft:diorite":10,"minecraft:wall_torch":1,"minecraft:seagrass":1,"minecraft:redstone_torch":1,"minecraft:wheat":5,"minecraft:white_carpet":5,"minecraft:spruce_log":17,"minecraft:grass":241,"minecraft:oak_log":170,"minecraft:coal_ore":202,"minecraft:gravel":12,"minecraft:dripstone_block":20,"minecraft:dirt":84,"minecraft:stone_bricks":2,"minecraft:netherrack":10,"minecraft:gold_ore":1,"minecraft:mossy_stone_bricks":4,"minecraft:oak_leaves":43,"minecraft:deepslate":339},"minecraft:dropped":{"minecraft:iron_ingot":14,"minecraft:iron_sword":1,"minecraft:diamond":1,"minecraft:iron_helmet":1,"minecraft:stick":14,"minecraft:oxeye_daisy":1,"minecraft:iron_block":2,"minecraft:dirt":4,"minecraft:torch":39,"minecraft:melon_slice":1,"minecraft:iron_leggings":2,"minecraft:iron_pickaxe":4,"minecraft:string":2,"minecraft:gravel":8,"minecraft:white_carpet":15,"minecraft:rotten_flesh":3,"minecraft:iron_boots":1,"minecraft:cooked_mutton":1,"minecraft:iron_chestplate":1,"minecraft:redstone_torch":1,"minecraft:spider_eye":2,"minecraft:stone_brick_stairs":6},"minecraft:killed":{"minecraft:witch":1,"minecraft:spider":15,"minecraft:slime":6,"minecraft:skeleton":13,"minecraft:chicken":8,"minecraft:pig":6,"minecraft:zombie_villager":2,"minecraft:salmon":20,"minecraft:rabbit":1,"minecraft:creeper":4,"minecraft:squid":1,"minecraft:sheep":11,"minecraft:zombie":26,"minecraft:donkey":1,"minecraft:stray":2,"minecraft:glow_squid":1,"minecraft:enderman":1,"minecraft:cow":12},"minecraft:picked_up":{"minecraft:iron_chestplate":1,"minecraft:crafting_table":2,"minecraft:wheat":4,"minecraft:azure_bluet":4,"minecraft:splash_potion":1,"minecraft:chicken":9,"minecraft:flower_pot":1,"minecraft:smithing_table":1,"minecraft:lead":6,"minecraft:gold_block":3,"minecraft:stone_brick_stairs":6,"minecraft:brewing_stand":1,"minecraft:oak_trapdoor":1,"minecraft:iron_axe":1,"minecraft:string":20,"minecraft:red_bed":2,"minecraft:raw_copper":177,"minecraft:iron_leggings":2,"minecraft:white_carpet":15,"minecraft:oak_sign":1,"minecraft:cobbled_deepslate":375,"minecraft:bucket":1,"minecraft:beef":26,"minecraft:redstone_torch":1,"minecraft:melon_slice":4,"minecraft:poppy":3,"minecraft:iron_pickaxe":4,"minecraft:light_gray_wool":1,"minecraft:sugar_cane":51,"minecraft:chest":5,"minecraft:iron_boots":1,"minecraft:furnace":2,"minecraft:egg":8,"minecraft:tipped_arrow":1,"minecraft:stick":24,"minecraft:raw_iron":111,"minecraft:oak_fence":4,"minecraft:torch":45,"minecraft:fire_charge":2,"minecraft:porkchop":10,"minecraft:carrot":2,"minecraft:pointed_dripstone":6,"minecraft:diorite":12,"minecraft:redstone":81,"minecraft:cauldron":1,"minecraft:stone_sword":1,"minecraft:arrow":18,"minecraft:cactus":1,"minecraft:stone_shovel":2,"minecraft:rotten_flesh":39,"minecraft:mutton":13,"minecraft:magma_block":2,"minecraft:iron_bars":4,"minecraft:white_wool":11,"minecraft:cobblestone":377,"minecraft:oxeye_daisy":5,"minecraft:feather":12,"minecraft:cooked_beef":10,"minecraft:water_bucket":1,"minecraft:glow_ink_sac":3,"minecraft:salmon":19,"minecraft:andesite":39,"minecraft:leather":17,"minecraft:yellow_dye":5,"minecraft:smoker":1,"minecraft:potato":52,"minecraft:flint":7,"minecraft:tuff":22,"minecraft:oak_log":172,"minecraft:gunpowder":6,"minecraft:lapis_lazuli":47,"minecraft:dirt":236,"minecraft:lantern":2,"minecraft:red_carpet":2,"minecraft:bone":16,"minecraft:apple":1,"minecraft:stone_bricks":2,"minecraft:bow":1,"minecraft:wheat_seeds":51,"minecraft:raw_gold":24,"minecraft:iron_ingot":3,"minecraft:stone_pickaxe":1,"minecraft:mossy_stone_bricks":4,"minecraft:fletching_table":2,"minecraft:rabbit":3,"minecraft:iron_sword":1,"minecraft:oak_planks":1,"minecraft:music_disc_chirp":1,"minecraft:cooked_porkchop":12,"minecraft:pumpkin":8,"minecraft:dandelion":10,"minecraft:dripstone_block":28,"minecraft:gravel":12,"minecraft:blast_furnace":1,"minecraft:ink_sac":3,"minecraft:spruce_log":17,"minecraft:grass_block":1,"minecraft:spider_eye":5,"minecraft:slime_ball":8,"minecraft:diamond":1,"minecraft:stone_axe":1,"minecraft:iron_helmet":1,"minecraft:granite":22,"minecraft:bone_meal":2,"minecraft:gray_wool":2,"minecraft:oak_sapling":26,"minecraft:netherrack":11,"minecraft:black_wool":1,"minecraft:coal":231,"minecraft:ender_pearl":1},"minecraft:used":{"minecraft:oak_trapdoor":1,"minecraft:oak_fence":28,"minecraft:stone_sword":55,"minecraft:flint_and_steel":7,"minecraft:stone_shovel":77,"minecraft:chest":6,"minecraft:iron_sword":327,"minecraft:cooked_salmon":8,"minecraft:cooked_chicken":6,"minecraft:rotten_flesh":9,"minecraft:netherrack":2,"minecraft:iron_chestplate":1,"minecraft:torch":300,"minecraft:brewing_stand":1,"minecraft:dirt":141,"minecraft:granite":7,"minecraft:oak_fence_gate":1,"minecraft:iron_hoe":95,"minecraft:lava_bucket":4,"minecraft:iron_axe":154,"minecraft:iron_helmet":1,"minecraft:iron_boots":1,"minecraft:melon_seeds":4,"minecraft:stone_bricks":1,"minecraft:magma_block":1,"minecraft:oak_sapling":26,"minecraft:furnace":6,"minecraft:potato":52,"minecraft:cooked_beef":11,"minecraft:cobbled_deepslate":114,"minecraft:golden_axe":90,"minecraft:iron_leggings":1,"minecraft:cooked_mutton":3,"minecraft:wheat_seeds":44,"minecraft:water_bucket":42,"minecraft:stone_pickaxe":243,"minecraft:oak_planks":1,"minecraft:ender_pearl":1,"minecraft:fletching_table":1,"minecraft:sugar_cane":47,"minecraft:glow_item_frame":2,"minecraft:crafting_table":2,"minecraft:red_bed":2,"minecraft:note_block":1,"minecraft:smoker":1,"minecraft:spruce_log":2,"minecraft:oak_log":1,"minecraft:bread":1,"minecraft:iron_pickaxe":968,"minecraft:gravel":1,"minecraft:stone_axe":6,"minecraft:cobblestone":130,"minecraft:cooked_porkchop":24,"minecraft:andesite":2,"minecraft:bucket":46,"minecraft:yellow_bed":1,"minecraft:dandelion":1,"minecraft:bone_meal":43},"minecraft:broken":{"minecraft:stone_pickaxe":1,"minecraft:iron_sword":1,"minecraft:iron_pickaxe":3}},"DataVersion":3465}