{"stats":{"minecraft:crafted":{"minecraft:oak_planks":244,"minecraft:yellow_wool":3,"minecraft:cooked_chicken":6,"minecraft:stone":64,"minecraft:bookshelf":16,"minecraft:cooked_mutton":4,"minecraft:iron_boots":3,"minecraft:melon_seeds":2,"minecraft:chest":1,"minecraft:copper_block":10,"minecraft:oak_fence":24,"minecraft:golden_boots":1,"minecraft:smoker":1,"minecraft:item_frame":2,"minecraft:cooked_porkchop":15,"minecraft:crafting_table":1,"minecraft:glow_item_frame":2,"minecraft:iron_helmet":3,"minecraft:baked_potato":239,"minecraft:red_wool":3,"minecraft:copper_ingot":96,"minecraft:gold_block":5,"minecraft:iron_chestplate":3,"minecraft:book":26,"minecraft:diamond_pickaxe":1,"minecraft:paper":165,"minecraft:charcoal":2,"minecraft:yellow_dye":8,"minecraft:stick":140,"minecraft:iron_ingot":295,"minecraft:iron_pickaxe":8,"minecraft:iron_block":31,"minecraft:gold_ingot":40,"minecraft:furnace":6,"minecraft:yellow_bed":1,"minecraft:bone_meal":42,"minecraft:flint_and_steel":1,"minecraft:iron_axe":1,"minecraft:iron_hoe":1,"minecraft:stone_pickaxe":2,"minecraft:redstone_block":19,"minecraft:lead":2,"minecraft:cooked_beef":21,"minecraft:red_dye":3,"minecraft:enchanting_table":1,"minecraft:iron_sword":4,"minecraft:red_bed":1,"minecraft:cooked_salmon":14,"minecraft:bucket":1,"minecraft:air":0,"minecraft:oak_fence_gate":1,"minecraft:oak_boat":1,"minecraft:iron_leggings":2,"minecraft:note_block":1,"minecraft:torch":316,"minecraft:lapis_block":15},"minecraft:custom":{"minecraft:interact_with_crafting_table":96,"minecraft:open_barrel":58,"minecraft:bell_ring":6,"minecraft:leave_game":6,"minecraft:time_since_death":426197,"minecraft:sprint_one_cm":1351582,"minecraft:drop":86,"minecraft:play_noteblock":1,"minecraft:talked_to_villager":21,"minecraft:play_time":716236,"minecraft:deaths":1,"minecraft:jump":8760,"minecraft:interact_with_brewingstand":4,"minecraft:walk_on_water_one_cm":98456,"minecraft:enchant_item":1,"minecraft:interact_with_furnace":222,"minecraft:interact_with_loom":1,"minecraft:sleep_in_bed":13,"minecraft:damage_dealt":28184,"minecraft:crouch_one_cm":68242,"minecraft:interact_with_smoker":45,"minecraft:horse_one_cm":2239815,"minecraft:interact_with_smithing_table":3,"minecraft:mob_kills":198,"minecraft:interact_with_anvil":4,"minecraft:climb_one_cm":3732,"minecraft:walk_one_cm":993467,"minecraft:sneak_time":15308,"minecraft:walk_under_water_one_cm":133699,"minecraft:boat_one_cm":380660,"minecraft:interact_with_blast_furnace":8,"minecraft:total_world_time":716236,"minecraft:tune_noteblock":97,"minecraft:time_since_rest":52912,"minecraft:damage_taken":5892,"minecraft:swim_one_cm":216161,"minecraft:fly_one_cm":1630936,"minecraft:open_chest":410,"minecraft:fall_one_cm":231227},"minecraft:mined":{"minecraft:potted_cactus":1,"minecraft:brewing_stand":2,"minecraft:obsidian":12,"minecraft:granite":16,"minecraft:grass_block":100,"minecraft:soul_soil":1,"minecraft:crimson_fungus":1,"minecraft:oak_wall_sign":1,"minecraft:oxeye_daisy":3,"minecraft:smooth_stone":9,"minecraft:weeping_vines_plant":1,"minecraft:tall_seagrass":2,"minecraft:magma_block":2,"minecraft:glowstone":11,"minecraft:iron_ore":101,"minecraft:cobbled_deepslate":40,"minecraft:fire":11,"minecraft:pumpkin":10,"minecraft:fletching_table":2,"minecraft:deepslate_lapis_ore":1,"minecraft:anvil":1,"minecraft:azure_bluet":2,"minecraft:enchanting_table":1,"minecraft:pointed_dripstone":7,"minecraft:water_cauldron":1,"minecraft:iron_bars":4,"minecraft:deepslate_redstone_ore":21,"minecraft:red_bed":3,"minecraft:smoker":1,"minecraft:soul_fire":2,"minecraft:torch":6,"minecraft:note_block":1,"minecraft:blast_furnace":4,"minecraft:poppy":3,"minecraft:melon":18,"minecraft:chest":5,"minecraft:nether_quartz_ore":54,"minecraft:cobblestone":43,"minecraft:sugar_cane":175,"minecraft:oak_planks":5,"minecraft:wall_torch":7,"minecraft:seagrass":1,"minecraft:nether_wart_block":8,"minecraft:wheat":45,"minecraft:warped_fungus":1,"minecraft:grass":252,"minecraft:oak_log":205,"minecraft:dirt":135,"minecraft:netherrack":52,"minecraft:oak_leaves":49,"minecraft:deepslate":404,"minecraft:nether_gold_ore":14,"minecraft:red_carpet":2,"minecraft:crying_obsidian":2,"minecraft:tuff":25,"minecraft:deepslate_diamond_ore":3,"minecraft:glow_lichen":3,"minecraft:nether_bricks":43,"minecraft:weeping_vines":1,"minecraft:spruce_leaves":27,"minecraft:crimson_stem":6,"minecraft:hay_block":79,"minecraft:oak_trapdoor":1,"minecraft:furnace":4,"minecraft:andesite":44,"minecraft:gold_block":6,"minecraft:bookshelf":8,"minecraft:potatoes":253,"minecraft:deepslate_iron_ore":24,"minecraft:shroomlight":3,"minecraft:lantern":2,"minecraft:stone":379,"minecraft:bone_block":2,"minecraft:smithing_table":2,"minecraft:soul_sand":3,"minecraft:basalt":1,"minecraft:dandelion":9,"minecraft:oak_fence":4,"minecraft:crafting_table":2,"minecraft:lectern":1,"minecraft:tall_grass":52,"minecraft:copper_ore":39,"minecraft:deepslate_coal_ore":2,"minecraft:lapis_ore":9,"minecraft:deepslate_gold_ore":33,"minecraft:diorite":10,"minecraft:warped_wart_block":2,"minecraft:lime_bed":1,"minecraft:redstone_torch":1,"minecraft:white_carpet":5,"minecraft:spruce_log":17,"minecraft:yellow_bed":2,"minecraft:coal_ore":247,"minecraft:gravel":15,"minecraft:dripstone_block":24,"minecraft:stone_bricks":2,"minecraft:mossy_stone_bricks":4,"minecraft:gold_ore":1},"minecraft:dropped":{"minecraft:iron_sword":1,"minecraft:baked_potato":108,"minecraft:diamond":1,"minecraft:weeping_vines":3,"minecraft:dirt":17,"minecraft:iron_pickaxe":5,"minecraft:gold_ingot":7,"minecraft:gravel":8,"minecraft:sugar_cane":10,"minecraft:cobbled_deepslate":153,"minecraft:rotten_flesh":9,"minecraft:cooked_mutton":1,"minecraft:gunpowder":2,"minecraft:stone_brick_stairs":6,"minecraft:netherrack":8,"minecraft:golden_boots":1,"minecraft:iron_ingot":14,"minecraft:wheat_seeds":1,"minecraft:dripstone_block":5,"minecraft:poisonous_potato":5,"minecraft:iron_helmet":1,"minecraft:cobblestone":128,"minecraft:stick":17,"minecraft:oxeye_daisy":1,"minecraft:iron_block":2,"minecraft:torch":39,"minecraft:nether_wart_block":2,"minecraft:melon_slice":1,"minecraft:iron_leggings":2,"minecraft:string":3,"minecraft:bucket":2,"minecraft:furnace":2,"minecraft:kelp":24,"minecraft:stone_sword":1,"minecraft:chicken":1,"minecraft:white_carpet":15,"minecraft:iron_boots":1,"minecraft:iron_chestplate":1,"minecraft:wooden_shovel":1,"minecraft:redstone_torch":1,"minecraft:spider_eye":2},"minecraft:used":{"minecraft:chest":6,"minecraft:iron_sword":595,"minecraft:rotten_flesh":9,"minecraft:iron_chestplate":1,"minecraft:soul_sand":3,"minecraft:nether_bricks":12,"minecraft:obsidian":2,"minecraft:lava_bucket":4,"minecraft:iron_helmet":1,"minecraft:stone_bricks":1,"minecraft:magma_block":1,"minecraft:bow":8,"minecraft:oak_sapling":26,"minecraft:furnace":6,"minecraft:potato":345,"minecraft:stone_pickaxe":243,"minecraft:oak_planks":3,"minecraft:ender_pearl":1,"minecraft:sugar_cane":47,"minecraft:blast_furnace":3,"minecraft:note_block":2,"minecraft:bread":1,"minecraft:gravel":1,"minecraft:smithing_table":1,"minecraft:andesite":2,"minecraft:oak_boat":6,"minecraft:bone_meal":43,"minecraft:oak_fence":28,"minecraft:oak_trapdoor":2,"minecraft:enchanting_table":2,"minecraft:stone_sword":55,"minecraft:flint_and_steel":9,"minecraft:stone_shovel":118,"minecraft:cooked_salmon":8,"minecraft:wooden_shovel":12,"minecraft:cooked_chicken":6,"minecraft:netherrack":28,"minecraft:torch":394,"minecraft:brewing_stand":1,"minecraft:dirt":171,"minecraft:anvil":1,"minecraft:granite":7,"minecraft:oak_fence_gate":1,"minecraft:shroomlight":1,"minecraft:iron_hoe":95,"minecraft:bookshelf":16,"minecraft:iron_axe":229,"minecraft:iron_boots":1,"minecraft:melon_seeds":4,"minecraft:cooked_beef":17,"minecraft:cobbled_deepslate":286,"minecraft:golden_axe":96,"minecraft:iron_leggings":1,"minecraft:cooked_mutton":3,"minecraft:wheat_seeds":44,"minecraft:water_bucket":62,"minecraft:baked_potato":60,"minecraft:fletching_table":1,"minecraft:glow_item_frame":2,"minecraft:lime_bed":1,"minecraft:crafting_table":3,"minecraft:red_bed":3,"minecraft:spruce_log":2,"minecraft:smoker":2,"minecraft:oak_log":1,"minecraft:diamond_pickaxe":81,"minecraft:iron_pickaxe":1394,"minecraft:stone_axe":6,"minecraft:cobblestone":520,"minecraft:cooked_porkchop":25,"minecraft:bucket":67,"minecraft:yellow_bed":3,"minecraft:dandelion":1},"minecraft:killed":{"minecraft:witch":1,"minecraft:spider":16,"minecraft:skeleton":27,"minecraft:chicken":10,"minecraft:pig":7,"minecraft:zombie_villager":2,"minecraft:salmon":20,"minecraft:creeper":5,"minecraft:sheep":14,"minecraft:zombie":43,"minecraft:donkey":1,"minecraft:stray":3,"minecraft:glow_squid":1,"minecraft:cow":21,"minecraft:blaze":9,"minecraft:slime":6,"minecraft:rabbit":1,"minecraft:squid":1,"minecraft:wither_skeleton":5,"minecraft:enderman":3},"minecraft:picked_up":{"minecraft:iron_chestplate":1,"minecraft:wheat":44,"minecraft:flower_pot":1,"minecraft:anvil":1,"minecraft:smithing_table":2,"minecraft:lead":6,"minecraft:nether_brick":6,"minecraft:stone_brick_stairs":6,"minecraft:brewing_stand":2,"minecraft:soul_soil":3,"minecraft:string":21,"minecraft:raw_copper":177,"minecraft:iron_leggings":2,"minecraft:shroomlight":3,"minecraft:oak_sign":1,"minecraft:smooth_stone":9,"minecraft:gold_nugget":48,"minecraft:cobbled_deepslate":435,"minecraft:bucket":2,"minecraft:redstone_torch":1,"minecraft:iron_pickaxe":4,"minecraft:melon_slice":81,"minecraft:iron_boots":1,"minecraft:furnace":6,"minecraft:tipped_arrow":1,"minecraft:stick":25,"minecraft:oak_fence":4,"minecraft:torch":139,"minecraft:porkchop":12,"minecraft:pointed_dripstone":6,"minecraft:diorite":12,"minecraft:cauldron":1,"minecraft:stone_sword":2,"minecraft:cactus":1,"minecraft:rotten_flesh":56,"minecraft:blaze_rod":2,"minecraft:obsidian":13,"minecraft:iron_bars":4,"minecraft:cobblestone":587,"minecraft:enchanting_table":1,"minecraft:magma_block":2,"minecraft:feather":12,"minecraft:cooked_beef":10,"minecraft:water_bucket":1,"minecraft:andesite":44,"minecraft:smoker":1,"minecraft:potato":870,"minecraft:flint":7,"minecraft:tuff":24,"minecraft:lantern":2,"minecraft:lapis_lazuli":52,"minecraft:dirt":335,"minecraft:bone":42,"minecraft:bow":4,"minecraft:wheat_seeds":169,"minecraft:raw_gold":34,"minecraft:rabbit":3,"minecraft:fletching_table":2,"minecraft:mossy_stone_bricks":4,"minecraft:glowstone_dust":35,"minecraft:oak_planks":11,"minecraft:cooked_porkchop":12,"minecraft:poisonous_potato":5,"minecraft:ink_sac":3,"minecraft:grass_block":1,"minecraft:spectral_arrow":12,"minecraft:diamond":3,"minecraft:granite":22,"minecraft:bone_meal":2,"minecraft:oak_sapling":26,"minecraft:netherrack":50,"minecraft:crafting_table":2,"minecraft:azure_bluet":4,"minecraft:splash_potion":1,"minecraft:chicken":11,"minecraft:gold_block":6,"minecraft:red_bed":3,"minecraft:oak_trapdoor":1,"minecraft:iron_axe":1,"minecraft:white_carpet":15,"minecraft:beef":47,"minecraft:oak_boat":6,"minecraft:poppy":3,"minecraft:light_gray_wool":1,"minecraft:lectern":1,"minecraft:sugar_cane":277,"minecraft:chest":5,"minecraft:egg":8,"minecraft:raw_iron":125,"minecraft:note_block":1,"minecraft:fire_charge":4,"minecraft:carrot":2,"minecraft:redstone":96,"minecraft:arrow":36,"minecraft:weeping_vines":3,"minecraft:stone_shovel":2,"minecraft:nether_bricks":39,"minecraft:hay_block":79,"minecraft:gold_ingot":3,"minecraft:mutton":17,"minecraft:bone_block":2,"minecraft:white_wool":14,"minecraft:oxeye_daisy":5,"minecraft:lime_bed":1,"minecraft:basalt":1,"minecraft:crimson_stem":6,"minecraft:glow_ink_sac":6,"minecraft:salmon":19,"minecraft:leather":32,"minecraft:yellow_dye":5,"minecraft:crimson_fungus":1,"minecraft:oak_log":206,"minecraft:nether_wart_block":10,"minecraft:yellow_bed":2,"minecraft:gunpowder":10,"minecraft:red_carpet":2,"minecraft:apple":1,"minecraft:stone_bricks":2,"minecraft:kelp":24,"minecraft:iron_ingot":3,"minecraft:stone_pickaxe":1,"minecraft:iron_sword":1,"minecraft:soul_sand":15,"minecraft:music_disc_chirp":1,"minecraft:book":24,"minecraft:warped_fungus":1,"minecraft:pumpkin":8,"minecraft:quartz":52,"minecraft:dandelion":10,"minecraft:dripstone_block":36,"minecraft:gravel":14,"minecraft:spruce_sapling":1,"minecraft:blast_furnace":4,"minecraft:spruce_log":17,"minecraft:crying_obsidian":2,"minecraft:spider_eye":5,"minecraft:slime_ball":8,"minecraft:stone_axe":1,"minecraft:iron_helmet":1,"minecraft:gray_wool":2,"minecraft:black_wool":1,"minecraft:coal":283,"minecraft:ender_pearl":2},"minecraft:broken":{"minecraft:stone_pickaxe":1,"minecraft:iron_sword":2,"minecraft:stone_shovel":1,"minecraft:iron_pickaxe":4,"minecraft:iron_helmet":1}},"DataVersion":3465}